Topic summary,Associated Links,Week Number,Email ID,Duplicates,link,L,LD,I,whois,source,Rank
"Multiple AI tools, including Wope, Email AI, Anyword Performance Boost AI Extension, and CoPrompt, offer powerful SEO insights and generate marketing materials.","['https://wope.com/', 'https://snov.io/ai-email-writer', 'https://anyword.com/performance-boost-ai/', 'https://www.coprompt.io/login']",29,1896e437e6681fa1,0,"['https://wope.com/', 'https://snov.io/ai-email-writer', 'https://anyword.com/performance-boost-ai/', 'https://www.coprompt.io/login']",1260,10700,9,,,3930000
"Learn more about KDnuggets, its privacy policy, and its social media accounts","['https://www.kdnuggets.com/about/index.html', 'https://www.kdnuggets.com/news/privacy-policy.html', 'https://www.kdnuggets.com/contact.html', 'https://twitter.com/kdnuggets', 'https://facebook.com/kdnuggets', 'https://www.linkedin.com/groups/54257/', 'https://www.instagram.com/officialkdnuggets/']",29,1896f5a53ea7542d,0,"['https://www.kdnuggets.com/about/index.html', 'https://www.kdnuggets.com/news/privacy-policy.html', 'https://www.kdnuggets.com/contact.html', 'https://twitter.com/kdnuggets', 'https://facebook.com/kdnuggets', 'https://www.linkedin.com/groups/54257/', 'https://www.instagram.com/officialkdnuggets/']",75300,56000000000,637000,,,4
"Learn about various events, meetings, projects, publications, and webinars on KDnuggets","['https://www.kdnuggets.com/cheat-sheets/index.html', 'https://www.kdnuggets.com/datasets/index.html', 'https://www.kdnuggets.com/education/index.html', 'https://www.kdnuggets.com/meetings/index.html', 'https://www.kdnuggets.com/jobs/index.html', 'https://www.kdnuggets.com/projects/index.html', 'https://www.kdnuggets.com/publication/index.html', 'https://www.kdnuggets.com/webcasts/index.html']",29,1896f5a53ea7542d,0,"['https://www.kdnuggets.com/cheat-sheets/index.html', 'https://www.kdnuggets.com/datasets/index.html', 'https://www.kdnuggets.com/education/index.html', 'https://www.kdnuggets.com/meetings/index.html', 'https://www.kdnuggets.com/jobs/index.html', 'https://www.kdnuggets.com/projects/index.html', 'https://www.kdnuggets.com/publication/index.html', 'https://www.kdnuggets.com/webcasts/index.html']",11000,1350000,392,,,48600
Learn about the potential of synthetic data in helping with data access,['https://www.kdnuggets.com/2023/07/mostly-data-access-severely-lacking-synthetic-data-help.html'],29,1896f5a53ea7542d,0,['https://www.kdnuggets.com/2023/07/mostly-data-access-severely-lacking-synthetic-data-help.html'],41,1350000,394,,,48600
Learn about the new AI leader Claude and his journey,['https://www.kdnuggets.com/2023/07/chatgpt-dethroned-claude-became-new-ai-leader.html'],29,1896f5a53ea7542d,0,['https://www.kdnuggets.com/2023/07/chatgpt-dethroned-claude-became-new-ai-leader.html'],1220,1350000,2200,,,48600
"Ken Smythe, CEO of Next Round Capital Partners, predicts that 85% of AI startups will fail within three years due to competition from larger tech firms.",['Major investor says 85% of AI startups will fail'],29,1896e5e12af21261,0,['Major investor says 85% of AI startups will fail'],,,,,,
"Join this webinar with Kevin Petrie, VP of Research at the Eckerson Group and Prophecy Co-Founders to learn: Why data teams struggle to meet requirements for data delivery and consumption. How generative AI can boost productivity. The opportunity, challenges, and use cases for a domain-specific approach to generative AI. How the Prophecy Generative AI platform and Data Copilot enable this domain-specific approach.",['https://landing.prophecy.io/unlocking-the-promise-of-generative-ai-with-your-enterprise-data?utm_campaign=live-webinar-Unlocking-the-promise-of-generative-AI-with-your-enterprise-data&utm_medium=paid-media&utm_source=kd-nuggets'],29,189695ae4fa5eccc,0,['https://landing.prophecy.io/unlocking-the-promise-of-generative-ai-with-your-enterprise-data?utm_campaign=live-webinar-Unlocking-the-promise-of-generative-AI-with-your-enterprise-data&utm_medium=paid-media&utm_source=kd-nuggets'],,,,,,
Microsoft has announced its AI-powered Copilot will be integrated into Microsoft Teams for phone and chat as part of Microsoft 365 Copilot for an additional $30 per month (on top of existing commercial subscriptions).,['Microsoft announces AI for enterprises'],29,1896e5e12af21261,0,['Microsoft announces AI for enterprises'],4920,2650000,2560,,,52
"Meta open-sources LLaMA 2, their language model ready for GPT-4. Trained on more data, it outperforms rivals like Falcon and MPT.",['https://about.fb.com/news/2023/07/llama-2/'],29,1896e437e6681fa1,0,['https://about.fb.com/news/2023/07/llama-2/'],4360,4290000,2190,,,5290
"Meta open-sourced their large language model LlamA 2 (ChatGPT competitor), authorized commercial use, and announced a shocking partnership with Microsoft.",['Meta and Microsoft team up and release Llama 2'],29,1896e5e12af21261,0,['Meta and Microsoft team up and release Llama 2'],4360,4290000,1790,,,5290
